{
    "__comment": "Model generated using MrCrayfish's Model Creator (http://mrcrayfish.com/modelcreator/)",
"ambientocclusion": false,
    "textures": {
        "particle": "blocks/blocks/wool_colored_red",
        "0": "blocks/glass_red",
        "1": "blocks/daylight_detector_side",
        "2": "blocks/wool_colored_black"
    },
    "elements": [
        {
            "name": "Blade",
            "from": [ 7.5, 7.599999979138374, 7.5 ], 
            "to": [ 8.5, 24.69999998062849, 8.5 ], 
            "faces": {
                "north": { "texture": "#0", "uv": [ 8.5, 5.0, 9.5, 16.0 ] },
                "east": { "texture": "#0", "uv": [ 10.5, 5.0, 9.5, 16.0 ] },
                "south": { "texture": "#0", "uv": [ 10.5, 5.0, 9.5, 16.0 ] },
                "west": { "texture": "#0", "uv": [ 9.5, 5.0, 10.5, 16.0 ] },
                "up": { "texture": "#0", "uv": [ 7.5, 6.5, 8.5, 7.5 ] }
            }
        },
        {
            "name": "Handle",
            "from": [ 7.200000002980232, 0.0, 7.200000002980232 ], 
            "to": [ 8.799999997019768, 6.800000011920929, 8.799999997019768 ], 
            "faces": {
                "north": { "texture": "#1", "uv": [ 8.0, 9.0, 9.599999994039536, 15.800000011920929 ] },
                "east": { "texture": "#1", "uv": [ 8.0, 9.0, 9.599999994039536, 15.800000011920929 ] },
                "south": { "texture": "#1", "uv": [ 8.0, 8.0, 9.599999994039536, 14.800000011920929 ] },
                "west": { "texture": "#1", "uv": [ 8.0, 8.0, 9.599999994039536, 14.800000011920929 ] },
                "up": { "texture": "#1", "uv": [ 9.0, 14.0, 10.599999994039536, 15.599999994039536 ] },
                "down": { "texture": "#1", "uv": [ 8.0, 14.0, 9.599999994039536, 15.599999994039536 ] }
            }
        },
        {
            "name": "goldplatedadjusterR",
            "from": [ 7.600000008940697, 3.2000000029802322, 8.800000011920929 ], 
            "to": [ 8.400000005960464, 5.000000014901161, 8.899999998509884 ], 
            "faces": {
                "north": { "texture": "#1", "uv": [ 2.0, 2.0, 13.799999997019768, 14.800000011920929 ] },
                "east": { "texture": "#1", "uv": [ 3.0, 3.0, 13.099999986588955, 12.800000011920929 ] },
                "south": { "texture": "#1", "uv": [ 2.0, 0.0, 13.799999997019768, 13.800000011920929 ] },
                "west": { "texture": "#1", "uv": [ 3.0, 1.0, 13.099999986588955, 12.800000011920929 ] },
                "up": { "texture": "#1", "uv": [ 1.0, 1.0, 14.799999997019768, 15.099999986588955 ] },
                "down": { "texture": "#1", "uv": [ 2.0, 3.0, 14.799999997019768, 15.099999986588955 ] }
            }
        },
        {
            "name": "goldplatedadjusterL",
            "from": [ 7.600000008940697, 3.2000000029802322, 7.100000001490116 ], 
            "to": [ 8.400000005960464, 5.000000014901161, 7.199999988079071 ], 
            "faces": {
                "north": { "texture": "#1", "uv": [ 2.0, 2.0, 13.799999997019768, 14.800000011920929 ] },
                "east": { "texture": "#1", "uv": [ 3.0, 3.0, 13.099999986588955, 12.800000011920929 ] },
                "south": { "texture": "#1", "uv": [ 2.0, 0.0, 13.799999997019768, 13.800000011920929 ] },
                "west": { "texture": "#1", "uv": [ 3.0, 1.0, 13.099999986588955, 12.800000011920929 ] },
                "up": { "texture": "#1", "uv": [ 1.0, 1.0, 14.799999997019768, 15.099999986588955 ] },
                "down": { "texture": "#1", "uv": [ 2.0, 3.0, 14.799999997019768, 15.099999986588955 ] }
            }
        },
        {
            "name": "Cube",
            "from": [ 7.100000001490116, 0.0, 7.100000001490116 ], 
            "to": [ 7.399999991059303, 2.6999999955296516, 7.399999991059303 ], 
            "faces": {
                "north": { "texture": "#2", "uv": [ 0.0, 0.0, 0.29999998956918716, 2.6999999955296516 ] },
                "east": { "texture": "#2", "uv": [ 0.0, 0.0, 0.29999998956918716, 2.6999999955296516 ] },
                "south": { "texture": "#2", "uv": [ 0.0, 0.0, 0.29999998956918716, 2.6999999955296516 ] },
                "west": { "texture": "#2", "uv": [ 0.0, 0.0, 0.29999998956918716, 2.6999999955296516 ] },
                "up": { "texture": "#2", "uv": [ 0.0, 0.0, 0.29999998956918716, 0.29999998956918716 ] },
                "down": { "texture": "#2", "uv": [ 0.0, 0.0, 0.29999998956918716, 0.29999998956918716 ] }
            }
        },
        {
            "name": "Cube",
            "from": [ 7.100000001490116, 0.0, 7.799999997019768 ], 
            "to": [ 7.399999991059303, 2.6999999955296516, 8.099999986588955 ], 
            "faces": {
                "north": { "texture": "#2", "uv": [ 0.0, 0.0, 0.29999998956918716, 2.6999999955296516 ] },
                "east": { "texture": "#2", "uv": [ 0.0, 0.0, 0.29999998956918716, 2.6999999955296516 ] },
                "south": { "texture": "#2", "uv": [ 0.0, 0.0, 0.29999998956918716, 2.6999999955296516 ] },
                "west": { "texture": "#2", "uv": [ 0.0, 0.0, 0.29999998956918716, 2.6999999955296516 ] },
                "up": { "texture": "#2", "uv": [ 0.0, 0.0, 0.29999998956918716, 0.29999998956918716 ] },
                "down": { "texture": "#2", "uv": [ 0.0, 0.0, 0.29999998956918716, 0.29999998956918716 ] }
            }
        },
        {
            "name": "Cube",
            "from": [ 7.100000001490116, 0.0, 8.600000008940697 ], 
            "to": [ 7.399999991059303, 2.6999999955296516, 8.899999998509884 ], 
            "faces": {
                "north": { "texture": "#2", "uv": [ 0.0, 0.0, 0.29999998956918716, 2.6999999955296516 ] },
                "east": { "texture": "#2", "uv": [ 0.0, 0.0, 0.29999998956918716, 2.6999999955296516 ] },
                "south": { "texture": "#2", "uv": [ 0.0, 0.0, 0.29999998956918716, 2.6999999955296516 ] },
                "west": { "texture": "#2", "uv": [ 0.0, 0.0, 0.29999998956918716, 2.6999999955296516 ] },
                "up": { "texture": "#2", "uv": [ 0.0, 0.0, 0.29999998956918716, 0.29999998956918716 ] },
                "down": { "texture": "#2", "uv": [ 0.0, 0.0, 0.29999998956918716, 0.29999998956918716 ] }
            }
        },
        {
            "name": "Cube",
            "from": [ 7.799999982118607, 0.0, 8.600000008940697 ], 
            "to": [ 8.099999971687794, 2.6999999955296516, 8.899999998509884 ], 
            "faces": {
                "north": { "texture": "#2", "uv": [ 0.0, 0.0, 0.29999998956918716, 2.6999999955296516 ] },
                "east": { "texture": "#2", "uv": [ 0.0, 0.0, 0.29999998956918716, 2.6999999955296516 ] },
                "south": { "texture": "#2", "uv": [ 0.0, 0.0, 0.29999998956918716, 2.6999999955296516 ] },
                "west": { "texture": "#2", "uv": [ 0.0, 0.0, 0.29999998956918716, 2.6999999955296516 ] },
                "up": { "texture": "#2", "uv": [ 0.0, 0.0, 0.29999998956918716, 0.29999998956918716 ] },
                "down": { "texture": "#2", "uv": [ 0.0, 0.0, 0.29999998956918716, 0.29999998956918716 ] }
            }
        },
        {
            "name": "Cube",
            "from": [ 8.600000008940697, 0.0, 8.600000008940697 ], 
            "to": [ 8.899999998509884, 2.6999999955296516, 8.899999998509884 ], 
            "faces": {
                "north": { "texture": "#2", "uv": [ 0.0, 0.0, 0.29999998956918716, 2.6999999955296516 ] },
                "east": { "texture": "#2", "uv": [ 0.0, 0.0, 0.29999998956918716, 2.6999999955296516 ] },
                "south": { "texture": "#2", "uv": [ 0.0, 0.0, 0.29999998956918716, 2.6999999955296516 ] },
                "west": { "texture": "#2", "uv": [ 0.0, 0.0, 0.29999998956918716, 2.6999999955296516 ] },
                "up": { "texture": "#2", "uv": [ 0.0, 0.0, 0.29999998956918716, 0.29999998956918716 ] },
                "down": { "texture": "#2", "uv": [ 0.0, 0.0, 0.29999998956918716, 0.29999998956918716 ] }
            }
        },
        {
            "name": "Cube",
            "from": [ 8.600000008940697, 0.0, 7.899999998509884 ], 
            "to": [ 8.899999998509884, 2.6999999955296516, 8.199999988079071 ], 
            "faces": {
                "north": { "texture": "#2", "uv": [ 0.0, 0.0, 0.29999998956918716, 2.6999999955296516 ] },
                "east": { "texture": "#2", "uv": [ 0.0, 0.0, 0.29999998956918716, 2.6999999955296516 ] },
                "south": { "texture": "#2", "uv": [ 0.0, 0.0, 0.29999998956918716, 2.6999999955296516 ] },
                "west": { "texture": "#2", "uv": [ 0.0, 0.0, 0.29999998956918716, 2.6999999955296516 ] },
                "up": { "texture": "#2", "uv": [ 0.0, 0.0, 0.29999998956918716, 0.29999998956918716 ] },
                "down": { "texture": "#2", "uv": [ 0.0, 0.0, 0.29999998956918716, 0.29999998956918716 ] }
            }
        },
        {
            "name": "Cube",
            "from": [ 8.600000008940697, 0.0, 7.099999986588955 ], 
            "to": [ 8.899999998509884, 2.6999999955296516, 7.399999976158142 ], 
            "faces": {
                "north": { "texture": "#2", "uv": [ 0.0, 0.0, 0.29999998956918716, 2.6999999955296516 ] },
                "east": { "texture": "#2", "uv": [ 0.0, 0.0, 0.29999998956918716, 2.6999999955296516 ] },
                "south": { "texture": "#2", "uv": [ 0.0, 0.0, 0.29999998956918716, 2.6999999955296516 ] },
                "west": { "texture": "#2", "uv": [ 0.0, 0.0, 0.29999998956918716, 2.6999999955296516 ] },
                "up": { "texture": "#2", "uv": [ 0.0, 0.0, 0.29999998956918716, 0.29999998956918716 ] },
                "down": { "texture": "#2", "uv": [ 0.0, 0.0, 0.29999998956918716, 0.29999998956918716 ] }
            }
        },
        {
            "name": "Cube",
            "from": [ 7.899999998509884, 0.0, 7.099999986588955 ], 
            "to": [ 8.199999988079071, 2.6999999955296516, 7.399999976158142 ], 
            "faces": {
                "north": { "texture": "#2", "uv": [ 0.0, 0.0, 0.29999998956918716, 2.6999999955296516 ] },
                "east": { "texture": "#2", "uv": [ 0.0, 0.0, 0.29999998956918716, 2.6999999955296516 ] },
                "south": { "texture": "#2", "uv": [ 0.0, 0.0, 0.29999998956918716, 2.6999999955296516 ] },
                "west": { "texture": "#2", "uv": [ 0.0, 0.0, 0.29999998956918716, 2.6999999955296516 ] },
                "up": { "texture": "#2", "uv": [ 0.0, 0.0, 0.29999998956918716, 0.29999998956918716 ] },
                "down": { "texture": "#2", "uv": [ 0.0, 0.0, 0.29999998956918716, 0.29999998956918716 ] }
            }
        },
        {
            "name": "Cube",
            "from": [ 7.300000004470348, 6.899999983608723, 7.100000016391277 ], 
            "to": [ 7.5999999940395355, 7.599999979138374, 7.800000011920929 ], 
            "faces": {
                "north": { "texture": "#1", "uv": [ 8.0, 13.0, 8.299999989569187, 13.699999995529652 ] },
                "east": { "texture": "#1", "uv": [ 5.0, 13.0, 5.699999995529652, 13.699999995529652 ] },
                "south": { "texture": "#1", "uv": [ 11.0, 15.0, 11.299999989569187, 15.699999995529652 ] },
                "west": { "texture": "#1", "uv": [ 5.0, 15.0, 5.699999995529652, 15.699999995529652 ] },
                "up": { "texture": "#1", "uv": [ 6.0, 15.0, 6.299999989569187, 15.699999995529652 ] },
                "down": { "texture": "#1", "uv": [ 6.0, 15.0, 6.299999989569187, 15.699999995529652 ] }
            }
        },
        {
            "name": "Cube",
            "from": [ 7.4000000059604645, 6.699999995529652, 7.3000000193715096 ], 
            "to": [ 8.599999994039536, 7.499999992549419, 8.30000001937151 ], 
            "faces": {
                "north": { "texture": "#1", "uv": [ 0.0, 0.0, 1.199999988079071, 0.7999999970197678 ] },
                "east": { "texture": "#1", "uv": [ 0.0, 0.0, 1.0, 0.7999999970197678 ] },
                "south": { "texture": "#1", "uv": [ 0.0, 0.0, 1.199999988079071, 0.7999999970197678 ] },
                "west": { "texture": "#1", "uv": [ 0.0, 0.0, 1.0, 0.7999999970197678 ] },
                "up": { "texture": "#1", "uv": [ 0.0, 0.0, 1.199999988079071, 1.0 ] },
                "down": { "texture": "#1", "uv": [ 0.0, 0.0, 1.199999988079071, 1.0 ] }
            }
        },
        {
            "name": "Cube",
            "from": [ 8.600000008940697, 6.699999995529652, 7.600000023841858 ], 
            "to": [ 10.200000017881393, 7.499999992549419, 8.600000023841858 ], 
            "faces": {
                "north": { "texture": "#1", "uv": [ 9.0, 15.0, 10.600000008940697, 15.799999997019768 ] },
                "east": { "texture": "#1", "uv": [ 7.0, 15.0, 8.0, 15.799999997019768 ] },
                "south": { "texture": "#1", "uv": [ 1.0, 15.0, 2.6000000089406967, 15.799999997019768 ] },
                "west": { "texture": "#1", "uv": [ 6.0, 15.0, 7.0, 15.799999997019768 ] },
                "up": { "texture": "#1", "uv": [ 8.0, 13.0, 9.600000008940697, 14.0 ] },
                "down": { "texture": "#1", "uv": [ 9.0, 13.0, 10.600000008940697, 14.0 ] }
            }
        },
        {
            "name": "Cube",
            "from": [ 7.200000002980232, 6.800000011920929, 7.200000002980232 ], 
            "to": [ 8.800000011920929, 6.899999998509884, 7.499999992549419 ], 
            "faces": {
                "north": { "texture": "#1", "uv": [ 8.0, 0.0, 8.600000008940697, 2.2000000029802322 ] },
                "east": { "texture": "#1", "uv": [ 7.0, 0.0, 7.299999989569187, 0.09999998658895493 ] },
                "south": { "texture": "#1", "uv": [ 8.0, 0.0, 9.600000008940697, 0.09999998658895493 ] },
                "west": { "texture": "#1", "uv": [ 7.0, 0.0, 7.299999989569187, 0.09999998658895493 ] },
                "up": { "texture": "#1", "uv": [ 7.0, 0.0, 8.600000008940697, 0.29999998956918716 ] },
                "down": { "texture": "#1", "uv": [ 7.0, 0.0, 8.600000008940697, 0.29999998956918716 ] }
            }
        },
        {
            "name": "Cube",
            "from": [ 7.300000004470348, 6.699999995529652, 7.499999992549419 ], 
            "to": [ 7.5999999940395355, 8.699999995529652, 8.49999999254942 ], 
            "faces": {
                "north": { "texture": "#1", "uv": [ 0.0, 0.0, 0.29999998956918716, 2.0 ] },
                "east": { "texture": "#1", "uv": [ 0.0, 0.0, 1.0, 2.0 ] },
                "south": { "texture": "#1", "uv": [ 0.0, 0.0, 0.29999998956918716, 2.0 ] },
                "west": { "texture": "#1", "uv": [ 0.0, 0.0, 1.0, 2.0 ] },
                "up": { "texture": "#1", "uv": [ 0.0, 0.0, 0.29999998956918716, 1.0 ] },
                "down": { "texture": "#1", "uv": [ 0.0, 0.0, 0.29999998956918716, 1.0 ] }
            }
        },
        {
            "name": "Cube",
            "from": [ 8.399999991059303, 6.699999995529652, 7.499999992549419 ], 
            "to": [ 8.69999998062849, 8.699999995529652, 8.49999999254942 ], 
            "faces": {
                "north": { "texture": "#1", "uv": [ 0.0, 0.0, 0.29999998956918716, 2.0 ] },
                "east": { "texture": "#1", "uv": [ 0.0, 0.0, 1.0, 2.0 ] },
                "south": { "texture": "#1", "uv": [ 0.0, 0.0, 0.29999998956918716, 2.0 ] },
                "west": { "texture": "#1", "uv": [ 0.0, 0.0, 1.0, 2.0 ] },
                "up": { "texture": "#1", "uv": [ 0.0, 0.0, 0.29999998956918716, 1.0 ] },
                "down": { "texture": "#1", "uv": [ 0.0, 0.0, 0.29999998956918716, 1.0 ] }
            }
        },
        {
            "name": "Cube",
            "from": [ 7.4000000059604645, 6.5999999940395355, 8.50000000745058 ], 
            "to": [ 8.600000008940697, 7.5999999940395355, 8.699999995529652 ], 
            "faces": {
                "north": { "texture": "#1", "uv": [ 0.0, 0.0, 1.2000000029802322, 1.0 ] },
                "east": { "texture": "#1", "uv": [ 0.0, 0.0, -6.800000011920929, 4.0 ] },
                "south": { "texture": "#1", "uv": [ 0.0, 0.0, 1.2000000029802322, 1.0 ] },
                "west": { "texture": "#1", "uv": [ 0.0, 0.0, 0.19999998807907104, 1.0 ] },
                "up": { "texture": "#1", "uv": [ 0.0, 0.0, 1.2000000029802322, 0.19999998807907104 ] },
                "down": { "texture": "#1", "uv": [ 0.0, 0.0, 1.2000000029802322, 0.19999998807907104 ] }
            }
        },
        {
            "name": "Cube",
            "from": [ 7.0, 0.0, 7.0 ], 
            "to": [ 9.0, 0.3999999910593033, 9.000000014901161 ], 
            "faces": {
                "north": { "texture": "#1", "uv": [ 7.0, 15.0, 9.0, 15.399999991059303 ] },
                "east": { "texture": "#1", "uv": [ 8.0, 14.0, 10.000000014901161, 14.399999991059303 ] },
                "south": { "texture": "#1", "uv": [ 6.0, 15.0, 8.0, 15.399999991059303 ] },
                "west": { "texture": "#1", "uv": [ 8.0, 15.0, 10.000000014901161, 15.399999991059303 ] },
                "up": { "texture": "#1", "uv": [ 6.0, 11.0, 8.0, 13.000000014901161 ] },
                "down": { "texture": "#1", "uv": [ 7.0, 13.0, 9.0, 15.000000014901161 ] }
            }
        },
        {
            "name": "Cube",
            "from": [ 5.799999982118607, 6.699999995529652, 7.600000023841858 ], 
            "to": [ 7.399999991059303, 7.499999992549419, 8.600000023841858 ], 
            "faces": {
                "north": { "texture": "#1", "uv": [ 6.0, 15.0, 7.600000008940697, 15.799999997019768 ] },
                "east": { "texture": "#1", "uv": [ 8.0, 15.0, 9.0, 15.799999997019768 ] },
                "south": { "texture": "#1", "uv": [ 11.0, 13.0, 10.600000008940697, 13.799999997019768 ] },
                "west": { "texture": "#1", "uv": [ 7.0, 14.0, 8.0, 14.799999997019768 ] },
                "up": { "texture": "#1", "uv": [ 8.0, 15.0, 9.600000008940697, 16.0 ] },
                "down": { "texture": "#1", "uv": [ 11.0, 14.0, 12.600000008940697, 15.0 ] }
            }
        },
        {
            "name": "Cube",
            "from": [ 8.500000022351742, 6.899999983608723, 7.100000016391277 ], 
            "to": [ 8.800000011920929, 7.599999979138374, 7.800000011920929 ], 
            "faces": {
                "north": { "texture": "#1", "uv": [ 6.0, 15.0, 6.299999989569187, 15.699999995529652 ] },
                "east": { "texture": "#1", "uv": [ 7.0, 14.0, 7.699999995529652, 15.699999995529652 ] },
                "south": { "texture": "#1", "uv": [ 10.0, 15.0, 10.299999989569187, 15.699999995529652 ] },
                "west": { "texture": "#1", "uv": [ 12.0, 15.0, 12.699999995529652, 15.699999995529652 ] },
                "up": { "texture": "#1", "uv": [ 7.0, 15.0, 7.299999989569187, 15.699999995529652 ] },
                "down": { "texture": "#1", "uv": [ 8.0, 15.0, 8.299999989569187, 15.699999995529652 ] }
            }
        },
        {
            "name": "SaberRight",
            "from": [ 2.899999961256981, 6.799999997019768, 7.800000004470348 ], 
            "to": [ 6.5, 7.399999991059303, 8.399999998509884 ], 
            "faces": {
                "north": { "texture": "#0", "uv": [ 8.5, 5.0, 9.5, 16.0 ] },
                "east": { "texture": "#0", "uv": [ 10.5, 5.0, 9.5, 16.0 ] },
                "south": { "texture": "#0", "uv": [ 10.5, 5.0, 9.5, 16.0 ] },
                "west": { "texture": "#0", "uv": [ 9.5, 5.0, 10.5, 16.0 ] },
                "up": { "texture": "#0", "uv": [ 7.5, 6.5, 8.5, 7.5 ] }
            }
        },
        {
            "name": "SaberLeft",
            "from": [ 9.399999968707561, 6.799999997019768, 7.800000004470348 ], 
            "to": [ 13.00000000745058, 7.399999991059303, 8.399999998509884 ], 
            "faces": {
                "north": { "texture": "#0", "uv": [ 8.5, 5.0, 9.5, 16.0 ] },
                "east": { "texture": "#0", "uv": [ 10.5, 5.0, 9.5, 16.0 ] },
                "south": { "texture": "#0", "uv": [ 10.5, 5.0, 9.5, 16.0 ] },
                "west": { "texture": "#0", "uv": [ 9.5, 5.0, 10.5, 16.0 ] },
                "up": { "texture": "#0", "uv": [ 7.5, 6.5, 8.5, 7.5 ] }
            }
        },
        {
            "name": "Cube",
            "from": [ 7.299999967217445, 9.799999997019768, 7.100000008940697 ], 
            "to": [ 8.600000001490116, 10.199999988079071, 8.5 ], 
            "faces": {
                "north": { "texture": "#0", "uv": [ 8.5, 5.0, 9.5, 16.0 ] },
                "east": { "texture": "#0", "uv": [ 10.5, 5.0, 9.5, 16.0 ] },
                "south": { "texture": "#0", "uv": [ 10.5, 5.0, 9.5, 16.0 ] },
                "west": { "texture": "#0", "uv": [ 9.5, 5.0, 10.5, 16.0 ] },
                "up": { "texture": "#0", "uv": [ 7.5, 6.5, 8.5, 7.5 ] }
            }
        },
        {
            "name": "Cube",
            "from": [ 7.599999971687794, 10.700000010430813, 6.800000004470348 ], 
            "to": [ 8.900000005960464, 11.100000001490116, 8.199999995529652 ], 
            "faces": {
                "north": { "texture": "#0", "uv": [ 8.5, 5.0, 9.5, 16.0 ] },
                "east": { "texture": "#0", "uv": [ 10.5, 5.0, 9.5, 16.0 ] },
                "south": { "texture": "#0", "uv": [ 10.5, 5.0, 9.5, 16.0 ] },
                "west": { "texture": "#0", "uv": [ 9.5, 5.0, 10.5, 16.0 ] },
                "up": { "texture": "#0", "uv": [ 7.5, 6.5, 8.5, 7.5 ] }
            }
        },
        {
            "name": "Cube",
            "from": [ 7.599999971687794, 11.400000020861626, 7.500000014901161 ], 
            "to": [ 8.900000005960464, 11.800000011920929, 8.900000005960464 ], 
            "faces": {
                "north": { "texture": "#0", "uv": [ 8.5, 5.0, 9.5, 16.0 ] },
                "east": { "texture": "#0", "uv": [ 10.5, 5.0, 9.5, 16.0 ] },
                "south": { "texture": "#0", "uv": [ 10.5, 5.0, 9.5, 16.0 ] },
                "west": { "texture": "#0", "uv": [ 9.5, 5.0, 10.5, 16.0 ] },
                "up": { "texture": "#0", "uv": [ 7.5, 6.5, 8.5, 7.5 ] }
            }
        },
        {
            "name": "Cube",
            "from": [ 7.099999964237213, 12.30000003427267, 7.700000017881393 ], 
            "to": [ 8.399999998509884, 12.700000025331974, 9.100000008940697 ], 
            "faces": {
                "north": { "texture": "#0", "uv": [ 8.5, 5.0, 9.5, 16.0 ] },
                "east": { "texture": "#0", "uv": [ 10.5, 5.0, 9.5, 16.0 ] },
                "south": { "texture": "#0", "uv": [ 10.5, 5.0, 9.5, 16.0 ] },
                "west": { "texture": "#0", "uv": [ 9.5, 5.0, 10.5, 16.0 ] },
                "up": { "texture": "#0", "uv": [ 7.5, 6.5, 8.5, 7.5 ] }
            }
        },
        {
            "name": "Cube",
            "from": [ 7.499999970197678, 13.300000049173832, 7.200000010430813 ], 
            "to": [ 8.800000004470348, 13.700000040233135, 8.600000001490116 ], 
            "faces": {
                "north": { "texture": "#0", "uv": [ 8.5, 5.0, 9.5, 16.0 ] },
                "east": { "texture": "#0", "uv": [ 10.5, 5.0, 9.5, 16.0 ] },
                "south": { "texture": "#0", "uv": [ 10.5, 5.0, 9.5, 16.0 ] },
                "west": { "texture": "#0", "uv": [ 9.5, 5.0, 10.5, 16.0 ] },
                "up": { "texture": "#0", "uv": [ 7.5, 6.5, 8.5, 7.5 ] }
            }
        },
        {
            "name": "Cube",
            "from": [ 7.099999964237213, 14.200000062584877, 7.5000000014901165 ], 
            "to": [ 8.399999998509884, 14.60000005364418, 8.89999999254942 ], 
            "faces": {
                "north": { "texture": "#0", "uv": [ 8.5, 5.0, 9.5, 16.0 ] },
                "east": { "texture": "#0", "uv": [ 10.5, 5.0, 9.5, 16.0 ] },
                "south": { "texture": "#0", "uv": [ 10.5, 5.0, 9.5, 16.0 ] },
                "west": { "texture": "#0", "uv": [ 9.5, 5.0, 10.5, 16.0 ] },
                "up": { "texture": "#0", "uv": [ 7.5, 6.5, 8.5, 7.5 ] }
            }
        },
        {
            "name": "Cube",
            "from": [ 7.599999971687794, 15.200000062584877, 6.89999999254942 ], 
            "to": [ 8.900000005960464, 15.60000005364418, 8.299999983608723 ], 
            "faces": {
                "north": { "texture": "#0", "uv": [ 8.5, 5.0, 9.5, 16.0 ] },
                "east": { "texture": "#0", "uv": [ 10.5, 5.0, 9.5, 16.0 ] },
                "south": { "texture": "#0", "uv": [ 10.5, 5.0, 9.5, 16.0 ] },
                "west": { "texture": "#0", "uv": [ 9.5, 5.0, 10.5, 16.0 ] },
                "up": { "texture": "#0", "uv": [ 7.5, 6.5, 8.5, 7.5 ] }
            }
        },
        {
            "name": "Cube",
            "from": [ 7.3999999687075615, 16.500000067055225, 7.4 ], 
            "to": [ 8.700000002980232, 16.90000005811453, 8.799999991059304 ], 
            "faces": {
                "north": { "texture": "#0", "uv": [ 8.5, 5.0, 9.5, 16.0 ] },
                "east": { "texture": "#0", "uv": [ 10.5, 5.0, 9.5, 16.0 ] },
                "south": { "texture": "#0", "uv": [ 10.5, 5.0, 9.5, 16.0 ] },
                "west": { "texture": "#0", "uv": [ 9.5, 5.0, 10.5, 16.0 ] },
                "up": { "texture": "#0", "uv": [ 7.5, 6.5, 8.5, 7.5 ] }
            }
        },
        {
            "name": "Cube",
            "from": [ 7.199999965727329, 17.500000067055225, 7.299999998509884 ], 
            "to": [ 8.5, 17.90000005811453, 8.699999989569188 ], 
            "faces": {
                "north": { "texture": "#0", "uv": [ 8.5, 5.0, 9.5, 16.0 ] },
                "east": { "texture": "#0", "uv": [ 10.5, 5.0, 9.5, 16.0 ] },
                "south": { "texture": "#0", "uv": [ 10.5, 5.0, 9.5, 16.0 ] },
                "west": { "texture": "#0", "uv": [ 9.5, 5.0, 10.5, 16.0 ] },
                "up": { "texture": "#0", "uv": [ 7.5, 6.5, 8.5, 7.5 ] }
            }
        },
        {
            "name": "Cube",
            "from": [ 6.899999961256981, 18.800000071525574, 7.600000002980233 ], 
            "to": [ 8.199999995529652, 19.200000062584877, 8.999999994039536 ], 
            "faces": {
                "north": { "texture": "#0", "uv": [ 8.5, 5.0, 9.5, 16.0 ] },
                "east": { "texture": "#0", "uv": [ 10.5, 5.0, 9.5, 16.0 ] },
                "south": { "texture": "#0", "uv": [ 10.5, 5.0, 9.5, 16.0 ] },
                "west": { "texture": "#0", "uv": [ 9.5, 5.0, 10.5, 16.0 ] },
                "up": { "texture": "#0", "uv": [ 7.5, 6.5, 8.5, 7.5 ] }
            }
        },
        {
            "name": "Cube",
            "from": [ 7.5999999567866325, 20.000000074505806, 7.4 ], 
            "to": [ 8.899999991059303, 20.40000006556511, 8.799999991059304 ], 
            "faces": {
                "north": { "texture": "#0", "uv": [ 8.5, 5.0, 9.5, 16.0 ] },
                "east": { "texture": "#0", "uv": [ 10.5, 5.0, 9.5, 16.0 ] },
                "south": { "texture": "#0", "uv": [ 10.5, 5.0, 9.5, 16.0 ] },
                "west": { "texture": "#0", "uv": [ 9.5, 5.0, 10.5, 16.0 ] },
                "up": { "texture": "#0", "uv": [ 7.5, 6.5, 8.5, 7.5 ] }
            }
        },
        {
            "name": "Cube",
            "from": [ 7.5999999567866325, 20.90000008791685, 7.6999999895691875 ], 
            "to": [ 8.899999991059303, 21.300000078976154, 9.09999998062849 ], 
            "faces": {
                "north": { "texture": "#0", "uv": [ 8.5, 5.0, 9.5, 16.0 ] },
                "east": { "texture": "#0", "uv": [ 10.5, 5.0, 9.5, 16.0 ] },
                "south": { "texture": "#0", "uv": [ 10.5, 5.0, 9.5, 16.0 ] },
                "west": { "texture": "#0", "uv": [ 9.5, 5.0, 10.5, 16.0 ] },
                "up": { "texture": "#0", "uv": [ 7.5, 6.5, 8.5, 7.5 ] }
            }
        },
        {
            "name": "Cube",
            "from": [ 6.999999947845936, 22.90000008791685, 7.099999980628491 ], 
            "to": [ 8.299999982118607, 23.300000078976154, 8.499999971687794 ], 
            "faces": {
                "north": { "texture": "#0", "uv": [ 8.5, 5.0, 9.5, 16.0 ] },
                "east": { "texture": "#0", "uv": [ 10.5, 5.0, 9.5, 16.0 ] },
                "south": { "texture": "#0", "uv": [ 10.5, 5.0, 9.5, 16.0 ] },
                "west": { "texture": "#0", "uv": [ 9.5, 5.0, 10.5, 16.0 ] },
                "up": { "texture": "#0", "uv": [ 7.5, 6.5, 8.5, 7.5 ] }
            }
        },
        {
            "name": "Cube",
            "from": [ 7.5999999567866325, 23.90000008791685, 7.599999988079071 ], 
            "to": [ 8.899999991059303, 24.300000078976154, 8.999999979138375 ], 
            "faces": {
                "north": { "texture": "#0", "uv": [ 8.5, 5.0, 9.5, 16.0 ] },
                "east": { "texture": "#0", "uv": [ 10.5, 5.0, 9.5, 16.0 ] },
                "south": { "texture": "#0", "uv": [ 10.5, 5.0, 9.5, 16.0 ] },
                "west": { "texture": "#0", "uv": [ 9.5, 5.0, 10.5, 16.0 ] },
                "up": { "texture": "#0", "uv": [ 7.5, 6.5, 8.5, 7.5 ] }
            }
        },
        {
            "name": "Cube",
            "from": [ 12.399999968707561, 6.600000008940697, 7.800000004470348 ], 
            "to": [ 12.600000001490116, 7.300000004470348, 8.600000001490116 ], 
            "faces": {
                "north": { "texture": "#0", "uv": [ 8.5, 5.0, 9.5, 16.0 ] },
                "east": { "texture": "#0", "uv": [ 10.5, 5.0, 9.5, 16.0 ] },
                "south": { "texture": "#0", "uv": [ 10.5, 5.0, 9.5, 16.0 ] },
                "west": { "texture": "#0", "uv": [ 9.5, 5.0, 10.5, 16.0 ] },
                "up": { "texture": "#0", "uv": [ 7.5, 6.5, 8.5, 7.5 ] }
            }
        },
        {
            "name": "Cube",
            "from": [ 11.799999959766865, 6.600000008940697, 7.600000001490116 ], 
            "to": [ 11.99999999254942, 7.300000004470348, 8.399999998509884 ], 
            "faces": {
                "north": { "texture": "#0", "uv": [ 8.5, 5.0, 9.5, 16.0 ] },
                "east": { "texture": "#0", "uv": [ 10.5, 5.0, 9.5, 16.0 ] },
                "south": { "texture": "#0", "uv": [ 10.5, 5.0, 9.5, 16.0 ] },
                "west": { "texture": "#0", "uv": [ 9.5, 5.0, 10.5, 16.0 ] },
                "up": { "texture": "#0", "uv": [ 7.5, 6.5, 8.5, 7.5 ] }
            }
        },
        {
            "name": "Cube",
            "from": [ 11.199999950826168, 7.000000014901161, 7.600000001490116 ], 
            "to": [ 11.399999983608723, 7.700000010430813, 8.399999998509884 ], 
            "faces": {
                "north": { "texture": "#0", "uv": [ 8.5, 5.0, 9.5, 16.0 ] },
                "east": { "texture": "#0", "uv": [ 10.5, 5.0, 9.5, 16.0 ] },
                "south": { "texture": "#0", "uv": [ 10.5, 5.0, 9.5, 16.0 ] },
                "west": { "texture": "#0", "uv": [ 9.5, 5.0, 10.5, 16.0 ] },
                "up": { "texture": "#0", "uv": [ 7.5, 6.5, 8.5, 7.5 ] }
            }
        },
        {
            "name": "Cube",
            "from": [ 10.699999943375587, 7.000000014901161, 7.5 ], 
            "to": [ 10.899999976158142, 7.700000010430813, 8.299999997019768 ], 
            "faces": {
                "north": { "texture": "#0", "uv": [ 8.5, 5.0, 9.5, 16.0 ] },
                "east": { "texture": "#0", "uv": [ 10.5, 5.0, 9.5, 16.0 ] },
                "south": { "texture": "#0", "uv": [ 10.5, 5.0, 9.5, 16.0 ] },
                "west": { "texture": "#0", "uv": [ 9.5, 5.0, 10.5, 16.0 ] },
                "up": { "texture": "#0", "uv": [ 7.5, 6.5, 8.5, 7.5 ] }
            }
        },
        {
            "name": "Cube",
            "from": [ 4.6999999433755875, 7.000000014901161, 7.5 ], 
            "to": [ 4.899999976158142, 7.700000010430813, 8.299999997019768 ], 
            "faces": {
                "north": { "texture": "#0", "uv": [ 8.5, 5.0, 9.5, 16.0 ] },
                "east": { "texture": "#0", "uv": [ 10.5, 5.0, 9.5, 16.0 ] },
                "south": { "texture": "#0", "uv": [ 10.5, 5.0, 9.5, 16.0 ] },
                "west": { "texture": "#0", "uv": [ 9.5, 5.0, 10.5, 16.0 ] },
                "up": { "texture": "#0", "uv": [ 7.5, 6.5, 8.5, 7.5 ] }
            }
        },
        {
            "name": "Cube",
            "from": [ 3.9999999329447746, 6.600000008940697, 7.5 ], 
            "to": [ 4.199999965727329, 7.300000004470348, 8.299999997019768 ], 
            "faces": {
                "north": { "texture": "#0", "uv": [ 8.5, 5.0, 9.5, 16.0 ] },
                "east": { "texture": "#0", "uv": [ 10.5, 5.0, 9.5, 16.0 ] },
                "south": { "texture": "#0", "uv": [ 10.5, 5.0, 9.5, 16.0 ] },
                "west": { "texture": "#0", "uv": [ 9.5, 5.0, 10.5, 16.0 ] },
                "up": { "texture": "#0", "uv": [ 7.5, 6.5, 8.5, 7.5 ] }
            }
        },
        {
            "name": "Cube",
            "from": [ 3.399999924004078, 7.100000016391277, 7.800000004470348 ], 
            "to": [ 3.5999999567866325, 7.800000011920929, 8.600000001490116 ], 
            "faces": {
                "north": { "texture": "#0", "uv": [ 8.5, 5.0, 9.5, 16.0 ] },
                "east": { "texture": "#0", "uv": [ 10.5, 5.0, 9.5, 16.0 ] },
                "south": { "texture": "#0", "uv": [ 10.5, 5.0, 9.5, 16.0 ] },
                "west": { "texture": "#0", "uv": [ 9.5, 5.0, 10.5, 16.0 ] },
                "up": { "texture": "#0", "uv": [ 7.5, 6.5, 8.5, 7.5 ] }
            }
        }
    ],
"display": {
    "thirdperson": {
        "rotation": [ -91, 0, 0 ],
        "translation": [ 0, 1.1, -2.6 ],
        "scale": [ 1, 1, 1 ]
    },
    "ground": {
        "rotation": [ 28, 1, 0 ],
        "translation": [ 0, 0, 0 ],
        "scale": [ 1, 1, 1 ]
    },
    "firstperson": {
        "rotation": [ 0, 26, -9 ],
        "translation": [ 0, 1.8, 0 ],
        "scale": [ 0.88, 2.05, 1.35 ]
    },
    "gui": {
        "rotation": [ 13, -6, 61 ],
        "translation": [ -0.5, -3.3, 2.1 ],
        "scale": [ 1, 1.17, 1 ]
    }
}
}