{
    "__comment": "Model generated using MrCrayfish's Model Creator (http://mrcrayfish.com/modelcreator/)",
    "textures": {
        "particle": "blocks/wool_colored_orange",
        "0": "blocks/wool_colored_orange",
        "1": "blocks/wool_colored_white",
        "2": "blocks/wool_colored_silver",
        "3": "blocks/wool_colored_black",
        "4": "blocks/hardened_clay_stained_gray"
    },
    "elements": [
        {
            "name": "Bottom",
            "from": [ 6.499999992549419, 0.10000000149011612, 6.499999992549419 ], 
            "to": [ 9.49999999254942, 1.1000000014901161, 9.49999999254942 ], 
            "faces": {
                "north": { "texture": "#0", "uv": [ 0.0, 0.0, 3.0, 1.0 ] },
                "east": { "texture": "#0", "uv": [ 0.0, 0.0, 3.0, 1.0 ] },
                "south": { "texture": "#0", "uv": [ 0.0, 0.0, 3.0, 1.0 ] },
                "west": { "texture": "#0", "uv": [ 0.0, 0.0, 3.0, 1.0 ] },
                "up": { "texture": "#0", "uv": [ 0.0, 0.0, 3.0, 3.0 ] },
                "down": { "texture": "#0", "uv": [ 0.0, 0.0, 3.0, 3.0 ] }
            }
        },
        {
            "name": "Cube",
            "from": [ 6.499999992549419, 1.0, 5.0 ], 
            "to": [ 9.49999999254942, 11.0, 11.0 ], 
            "faces": {
                "north": { "texture": "#1", "uv": [ 0.0, 0.0, 3.0, 12.0 ] },
                "east": { "texture": "#1", "uv": [ 0.0, 0.0, 6.0, 12.0 ] },
                "south": { "texture": "#1", "uv": [ 0.0, 0.0, 3.0, 12.0 ] },
                "west": { "texture": "#1", "uv": [ 0.0, 0.0, 6.0, 12.0 ] },
                "up": { "texture": "#1", "uv": [ 0.0, 0.0, 3.0, 6.0 ] },
                "down": { "texture": "#1", "uv": [ 0.0, 0.0, 3.0, 6.0 ] }
            }
        },
        {
            "name": "Cube",
            "from": [ 5.0, 1.0, 6.499999992549419 ], 
            "to": [ 11.0, 11.0, 9.49999999254942 ], 
            "faces": {
                "north": { "texture": "#1", "uv": [ 0.0, 0.0, 6.0, 12.0 ] },
                "east": { "texture": "#1", "uv": [ 0.0, 0.0, 3.0, 12.0 ] },
                "south": { "texture": "#1", "uv": [ 0.0, 0.0, 6.0, 12.0 ] },
                "west": { "texture": "#1", "uv": [ 0.0, 0.0, 3.0, 12.0 ] },
                "up": { "texture": "#1", "uv": [ 0.0, 0.0, 6.0, 3.0 ] },
                "down": { "texture": "#1", "uv": [ 0.0, 0.0, 6.0, 3.0 ] }
            }
        },
        {
            "name": "Cube",
            "from": [ 4.999999985098839, 2.0, 4.999999985098839 ], 
            "to": [ 10.999999985098839, 3.0, 10.999999985098839 ], 
            "faces": {
                "north": { "texture": "#2", "uv": [ 0.0, 0.0, 6.0, 1.0 ] },
                "east": { "texture": "#2", "uv": [ 0.0, 0.0, 6.0, 1.0 ] },
                "south": { "texture": "#2", "uv": [ 0.0, 0.0, 6.0, 1.0 ] },
                "west": { "texture": "#2", "uv": [ 0.0, 0.0, 6.0, 1.0 ] },
                "up": { "texture": "#2", "uv": [ 0.0, 0.0, 6.0, 6.0 ] },
                "down": { "texture": "#2", "uv": [ 0.0, 0.0, 6.0, 6.0 ] }
            }
        },
        {
            "name": "Cube",
            "from": [ 3.999999985098839, 3.0, 4.999999985098839 ], 
            "to": [ 4.999999985098839, 9.0, 10.999999985098839 ], 
            "faces": {
                "north": { "texture": "#2", "uv": [ 0.0, 0.0, 1.0, 6.0 ] },
                "east": { "texture": "#2", "uv": [ 0.0, 0.0, 6.0, 6.0 ] },
                "south": { "texture": "#2", "uv": [ 0.0, 0.0, 1.0, 6.0 ] },
                "west": { "texture": "#2", "uv": [ 0.0, 0.0, 6.0, 6.0 ] },
                "up": { "texture": "#2", "uv": [ 0.0, 0.0, 1.0, 6.0 ] },
                "down": { "texture": "#2", "uv": [ 0.0, 0.0, 1.0, 6.0 ] }
            }
        },
        {
            "name": "Cube",
            "from": [ 10.999999985098839, 3.0, 4.999999985098839 ], 
            "to": [ 11.999999985098839, 9.0, 10.999999985098839 ], 
            "faces": {
                "north": { "texture": "#2", "uv": [ 0.0, 0.0, 1.0, 6.0 ] },
                "east": { "texture": "#2", "uv": [ 0.0, 0.0, 6.0, 6.0 ] },
                "south": { "texture": "#2", "uv": [ 0.0, 0.0, 1.0, 6.0 ] },
                "west": { "texture": "#2", "uv": [ 0.0, 0.0, 6.0, 6.0 ] },
                "up": { "texture": "#2", "uv": [ 0.0, 0.0, 1.0, 6.0 ] },
                "down": { "texture": "#2", "uv": [ 0.0, 0.0, 1.0, 6.0 ] }
            }
        },
        {
            "name": "Cube",
            "from": [ 4.999999985098839, 9.0, 4.999999985098839 ], 
            "to": [ 10.999999985098839, 10.0, 10.999999985098839 ], 
            "faces": {
                "north": { "texture": "#2", "uv": [ 0.0, 0.0, 6.0, 1.0 ] },
                "east": { "texture": "#2", "uv": [ 0.0, 0.0, 6.0, 1.0 ] },
                "south": { "texture": "#2", "uv": [ 0.0, 0.0, 6.0, 1.0 ] },
                "west": { "texture": "#2", "uv": [ 0.0, 0.0, 6.0, 1.0 ] },
                "up": { "texture": "#2", "uv": [ 0.0, 0.0, 6.0, 6.0 ] },
                "down": { "texture": "#2", "uv": [ 0.0, 0.0, 6.0, 6.0 ] }
            }
        },
        {
            "name": "Cube",
            "from": [ 4.999999985098839, 3.0, 10.999999985098839 ], 
            "to": [ 10.999999985098839, 9.0, 11.999999985098839 ], 
            "faces": {
                "north": { "texture": "#2", "uv": [ 0.0, 0.0, 6.0, 6.0 ] },
                "east": { "texture": "#2", "uv": [ 0.0, 0.0, 1.0, 6.0 ] },
                "south": { "texture": "#2", "uv": [ 0.0, 0.0, 6.0, 6.0 ] },
                "west": { "texture": "#2", "uv": [ 0.0, 0.0, 1.0, 6.0 ] },
                "up": { "texture": "#2", "uv": [ 0.0, 0.0, 6.0, 1.0 ] },
                "down": { "texture": "#2", "uv": [ 0.0, 0.0, 6.0, 1.0 ] }
            }
        },
        {
            "name": "Cube",
            "from": [ 4.999999985098839, 3.0, 3.999999985098839 ], 
            "to": [ 10.999999985098839, 9.0, 4.999999985098839 ], 
            "faces": {
                "north": { "texture": "#2", "uv": [ 0.0, 0.0, 6.0, 6.0 ] },
                "east": { "texture": "#2", "uv": [ 0.0, 0.0, 1.0, 6.0 ] },
                "south": { "texture": "#2", "uv": [ 0.0, 0.0, 6.0, 6.0 ] },
                "west": { "texture": "#2", "uv": [ 0.0, 0.0, 1.0, 6.0 ] },
                "up": { "texture": "#2", "uv": [ 0.0, 0.0, 6.0, 1.0 ] },
                "down": { "texture": "#2", "uv": [ 0.0, 0.0, 6.0, 1.0 ] }
            }
        },
        {
            "name": "Cube",
            "from": [ 6.499999992549419, 3.0, 6.499999992549419 ], 
            "to": [ 9.49999999254942, 12.0, 9.49999999254942 ], 
            "faces": {
                "north": { "texture": "#0", "uv": [ 0.0, 0.0, 3.0, 14.0 ] },
                "east": { "texture": "#0", "uv": [ 0.0, 0.0, 3.0, 14.0 ] },
                "south": { "texture": "#0", "uv": [ 0.0, 0.0, 3.0, 14.0 ] },
                "west": { "texture": "#0", "uv": [ 0.0, 0.0, 3.0, 14.0 ] },
                "up": { "texture": "#0", "uv": [ 0.0, 0.0, 3.0, 3.0 ] },
                "down": { "texture": "#0", "uv": [ 0.0, 0.0, 3.0, 3.0 ] }
            }
        },
        {
            "name": "Orange",
            "from": [ 12.599999979138374, 4.499999992549419, 6.499999992549419 ], 
            "to": [ 13.599999979138374, 7.499999992549419, 9.49999999254942 ], 
            "faces": {
                "north": { "texture": "#0", "uv": [ 0.0, 0.0, 1.0, 3.0 ] },
                "east": { "texture": "#0", "uv": [ 0.0, 0.0, 3.0, 3.0 ] },
                "south": { "texture": "#0", "uv": [ 0.0, 0.0, 1.0, 3.0 ] },
                "west": { "texture": "#0", "uv": [ 0.0, 0.0, 3.0, 3.0 ] },
                "up": { "texture": "#0", "uv": [ 0.0, 0.0, 1.0, 3.0 ] },
                "down": { "texture": "#0", "uv": [ 0.0, 0.0, 1.0, 3.0 ] }
            }
        },
        {
            "name": "Orange2",
            "from": [ 2.3999999910593033, 4.499999992549419, 6.499999992549419 ], 
            "to": [ 3.3999999910593033, 7.499999992549419, 9.49999999254942 ], 
            "faces": {
                "north": { "texture": "#0", "uv": [ 0.0, 0.0, 1.0, 3.0 ] },
                "east": { "texture": "#0", "uv": [ 0.0, 0.0, 3.0, 3.0 ] },
                "south": { "texture": "#0", "uv": [ 0.0, 0.0, 1.0, 3.0 ] },
                "west": { "texture": "#0", "uv": [ 0.0, 0.0, 3.0, 3.0 ] },
                "up": { "texture": "#0", "uv": [ 0.0, 0.0, 1.0, 3.0 ] },
                "down": { "texture": "#0", "uv": [ 0.0, 0.0, 1.0, 3.0 ] }
            }
        },
        {
            "name": "Cube",
            "from": [ 3.0, 4.499999992549419, 5.0 ], 
            "to": [ 13.0, 7.499999992549419, 11.0 ], 
            "faces": {
                "north": { "texture": "#1", "uv": [ 0.0, 0.0, 12.0, 3.0 ] },
                "east": { "texture": "#1", "uv": [ 0.0, 0.0, 6.0, 3.0 ] },
                "south": { "texture": "#1", "uv": [ 0.0, 0.0, 12.0, 3.0 ] },
                "west": { "texture": "#1", "uv": [ 0.0, 0.0, 6.0, 3.0 ] },
                "up": { "texture": "#1", "uv": [ 0.0, 0.0, 12.0, 6.0 ] },
                "down": { "texture": "#1", "uv": [ 0.0, 0.0, 12.0, 6.0 ] }
            }
        },
        {
            "name": "Cube",
            "from": [ 3.0, 3.0, 6.499999992549419 ], 
            "to": [ 13.0, 9.0, 9.49999999254942 ], 
            "faces": {
                "north": { "texture": "#1", "uv": [ 0.0, 0.0, 12.0, 6.0 ] },
                "east": { "texture": "#1", "uv": [ 0.0, 0.0, 3.0, 6.0 ] },
                "south": { "texture": "#1", "uv": [ 0.0, 0.0, 12.0, 6.0 ] },
                "west": { "texture": "#1", "uv": [ 0.0, 0.0, 3.0, 6.0 ] },
                "up": { "texture": "#1", "uv": [ 0.0, 0.0, 12.0, 3.0 ] },
                "down": { "texture": "#1", "uv": [ 0.0, 0.0, 12.0, 3.0 ] }
            }
        },
        {
            "name": "Orange3",
            "from": [ 6.500000007450581, 4.500000007450581, 2.5000000074505806 ], 
            "to": [ 9.50000000745058, 7.500000007450581, 13.50000000745058 ], 
            "faces": {
                "north": { "texture": "#0", "uv": [ 0.0, 0.0, 3.0, 3.0 ] },
                "east": { "texture": "#0", "uv": [ 0.0, 0.0, 9.0, 3.0 ] },
                "south": { "texture": "#0", "uv": [ 0.0, 0.0, 3.0, 3.0 ] },
                "west": { "texture": "#0", "uv": [ 0.0, 0.0, 9.0, 3.0 ] },
                "up": { "texture": "#0", "uv": [ 0.0, 0.0, 3.0, 9.0 ] },
                "down": { "texture": "#0", "uv": [ 0.0, 0.0, 3.0, 9.0 ] }
            }
        },
        {
            "name": "Cube",
            "from": [ 6.500000007450581, 3.0, 3.0 ], 
            "to": [ 9.50000000745058, 9.0, 13.0 ], 
            "faces": {
                "north": { "texture": "#1", "uv": [ 0.0, 0.0, 3.0, 6.0 ] },
                "east": { "texture": "#1", "uv": [ 0.0, 0.0, 10.0, 6.0 ] },
                "south": { "texture": "#1", "uv": [ 0.0, 0.0, 3.0, 6.0 ] },
                "west": { "texture": "#1", "uv": [ 0.0, 0.0, 10.0, 6.0 ] },
                "up": { "texture": "#1", "uv": [ 0.0, 0.0, 3.0, 10.0 ] },
                "down": { "texture": "#1", "uv": [ 0.0, 0.0, 3.0, 10.0 ] }
            }
        },
        {
            "name": "Cube",
            "from": [ 5.000000014901161, 4.500000007450581, 3.0 ], 
            "to": [ 11.000000014901161, 7.500000007450581, 13.0 ], 
            "faces": {
                "north": { "texture": "#1", "uv": [ 0.0, 0.0, 6.0, 3.0 ] },
                "east": { "texture": "#1", "uv": [ 0.0, 0.0, 10.0, 3.0 ] },
                "south": { "texture": "#1", "uv": [ 0.0, 0.0, 6.0, 3.0 ] },
                "west": { "texture": "#1", "uv": [ 0.0, 0.0, 10.0, 3.0 ] },
                "up": { "texture": "#1", "uv": [ 0.0, 0.0, 6.0, 10.0 ] },
                "down": { "texture": "#1", "uv": [ 0.0, 0.0, 6.0, 10.0 ] }
            }
        },
        {
            "name": "Cube",
            "from": [ 4.0, 4.499999992549419, 4.0 ], 
            "to": [ 5.0, 7.499999992549419, 5.0 ], 
            "faces": {
                "north": { "texture": "#2", "uv": [ 0.0, 0.0, 1.0, 3.0 ] },
                "east": { "texture": "#2", "uv": [ 0.0, 0.0, 1.0, 3.0 ] },
                "south": { "texture": "#2", "uv": [ 0.0, 0.0, 1.0, 3.0 ] },
                "west": { "texture": "#2", "uv": [ 0.0, 0.0, 1.0, 3.0 ] },
                "up": { "texture": "#2", "uv": [ 0.0, 0.0, 1.0, 1.0 ] },
                "down": { "texture": "#2", "uv": [ 0.0, 0.0, 1.0, 1.0 ] }
            }
        },
        {
            "name": "Cube",
            "from": [ 11.0, 4.499999992549419, 4.0 ], 
            "to": [ 12.0, 7.499999992549419, 5.0 ], 
            "faces": {
                "north": { "texture": "#2", "uv": [ 0.0, 0.0, 1.0, 3.0 ] },
                "east": { "texture": "#2", "uv": [ 0.0, 0.0, 1.0, 3.0 ] },
                "south": { "texture": "#2", "uv": [ 0.0, 0.0, 1.0, 3.0 ] },
                "west": { "texture": "#2", "uv": [ 0.0, 0.0, 1.0, 3.0 ] },
                "up": { "texture": "#2", "uv": [ 0.0, 0.0, 1.0, 1.0 ] },
                "down": { "texture": "#2", "uv": [ 0.0, 0.0, 1.0, 1.0 ] }
            }
        },
        {
            "name": "Cube",
            "from": [ 11.0, 4.499999992549419, 11.0 ], 
            "to": [ 12.0, 7.499999992549419, 12.0 ], 
            "faces": {
                "north": { "texture": "#2", "uv": [ 0.0, 0.0, 1.0, 3.0 ] },
                "east": { "texture": "#2", "uv": [ 0.0, 0.0, 1.0, 3.0 ] },
                "south": { "texture": "#2", "uv": [ 0.0, 0.0, 1.0, 3.0 ] },
                "west": { "texture": "#2", "uv": [ 0.0, 0.0, 1.0, 3.0 ] },
                "up": { "texture": "#2", "uv": [ 0.0, 0.0, 1.0, 1.0 ] },
                "down": { "texture": "#2", "uv": [ 0.0, 0.0, 1.0, 1.0 ] }
            }
        },
        {
            "name": "Cube",
            "from": [ 4.0, 4.499999992549419, 11.0 ], 
            "to": [ 5.0, 7.499999992549419, 12.0 ], 
            "faces": {
                "north": { "texture": "#2", "uv": [ 0.0, 0.0, 1.0, 3.0 ] },
                "east": { "texture": "#2", "uv": [ 0.0, 0.0, 1.0, 3.0 ] },
                "south": { "texture": "#2", "uv": [ 0.0, 0.0, 1.0, 3.0 ] },
                "west": { "texture": "#2", "uv": [ 0.0, 0.0, 1.0, 3.0 ] },
                "up": { "texture": "#2", "uv": [ 0.0, 0.0, 1.0, 1.0 ] },
                "down": { "texture": "#2", "uv": [ 0.0, 0.0, 1.0, 1.0 ] }
            }
        },
        {
            "name": "Cube",
            "from": [ 6.499999992549419, 9.0, 11.0 ], 
            "to": [ 9.49999999254942, 10.0, 12.0 ], 
            "faces": {
                "north": { "texture": "#2", "uv": [ 0.0, 0.0, 3.0, 1.0 ] },
                "east": { "texture": "#2", "uv": [ 0.0, 0.0, 1.0, 1.0 ] },
                "south": { "texture": "#2", "uv": [ 0.0, 0.0, 3.0, 1.0 ] },
                "west": { "texture": "#2", "uv": [ 0.0, 0.0, 1.0, 1.0 ] },
                "up": { "texture": "#2", "uv": [ 0.0, 0.0, 3.0, 1.0 ] },
                "down": { "texture": "#2", "uv": [ 0.0, 0.0, 3.0, 1.0 ] }
            }
        },
        {
            "name": "Cube",
            "from": [ 6.499999992549419, 9.0, 4.0 ], 
            "to": [ 9.49999999254942, 10.0, 5.0 ], 
            "faces": {
                "north": { "texture": "#2", "uv": [ 0.0, 0.0, 3.0, 1.0 ] },
                "east": { "texture": "#2", "uv": [ 0.0, 0.0, 1.0, 1.0 ] },
                "south": { "texture": "#2", "uv": [ 0.0, 0.0, 3.0, 1.0 ] },
                "west": { "texture": "#2", "uv": [ 0.0, 0.0, 1.0, 1.0 ] },
                "up": { "texture": "#2", "uv": [ 0.0, 0.0, 3.0, 1.0 ] },
                "down": { "texture": "#2", "uv": [ 0.0, 0.0, 3.0, 1.0 ] }
            }
        },
        {
            "name": "Cube",
            "from": [ 6.499999992549419, 2.0, 4.0 ], 
            "to": [ 9.49999999254942, 3.0, 5.0 ], 
            "faces": {
                "north": { "texture": "#2", "uv": [ 0.0, 0.0, 3.0, 1.0 ] },
                "east": { "texture": "#2", "uv": [ 0.0, 0.0, 1.0, 1.0 ] },
                "south": { "texture": "#2", "uv": [ 0.0, 0.0, 3.0, 1.0 ] },
                "west": { "texture": "#2", "uv": [ 0.0, 0.0, 1.0, 1.0 ] },
                "up": { "texture": "#2", "uv": [ 0.0, 0.0, 3.0, 1.0 ] },
                "down": { "texture": "#2", "uv": [ 0.0, 0.0, 3.0, 1.0 ] }
            }
        },
        {
            "name": "Cube",
            "from": [ 6.499999992549419, 2.0, 11.0 ], 
            "to": [ 9.49999999254942, 3.0, 12.0 ], 
            "faces": {
                "north": { "texture": "#2", "uv": [ 0.0, 0.0, 3.0, 1.0 ] },
                "east": { "texture": "#2", "uv": [ 0.0, 0.0, 1.0, 1.0 ] },
                "south": { "texture": "#2", "uv": [ 0.0, 0.0, 3.0, 1.0 ] },
                "west": { "texture": "#2", "uv": [ 0.0, 0.0, 1.0, 1.0 ] },
                "up": { "texture": "#2", "uv": [ 0.0, 0.0, 3.0, 1.0 ] },
                "down": { "texture": "#2", "uv": [ 0.0, 0.0, 3.0, 1.0 ] }
            }
        },
        {
            "name": "Cube",
            "from": [ 10.999999985098839, 2.0, 6.499999992549419 ], 
            "to": [ 11.999999985098839, 3.0, 9.49999999254942 ], 
            "faces": {
                "north": { "texture": "#2", "uv": [ 0.0, 0.0, 1.0, 1.0 ] },
                "east": { "texture": "#2", "uv": [ 0.0, 0.0, 3.0, 1.0 ] },
                "south": { "texture": "#2", "uv": [ 0.0, 0.0, 1.0, 1.0 ] },
                "west": { "texture": "#2", "uv": [ 0.0, 0.0, 3.0, 1.0 ] },
                "up": { "texture": "#2", "uv": [ 0.0, 0.0, 1.0, 3.0 ] },
                "down": { "texture": "#2", "uv": [ 0.0, 0.0, 1.0, 3.0 ] }
            }
        },
        {
            "name": "Cube",
            "from": [ 3.999999985098839, 2.0, 6.499999992549419 ], 
            "to": [ 4.999999985098839, 3.0, 9.49999999254942 ], 
            "faces": {
                "north": { "texture": "#2", "uv": [ 0.0, 0.0, 1.0, 1.0 ] },
                "east": { "texture": "#2", "uv": [ 0.0, 0.0, 3.0, 1.0 ] },
                "south": { "texture": "#2", "uv": [ 0.0, 0.0, 1.0, 1.0 ] },
                "west": { "texture": "#2", "uv": [ 0.0, 0.0, 3.0, 1.0 ] },
                "up": { "texture": "#2", "uv": [ 0.0, 0.0, 1.0, 3.0 ] },
                "down": { "texture": "#2", "uv": [ 0.0, 0.0, 1.0, 3.0 ] }
            }
        },
        {
            "name": "Cube",
            "from": [ 3.999999985098839, 9.0, 6.499999992549419 ], 
            "to": [ 4.999999985098839, 10.0, 9.49999999254942 ], 
            "faces": {
                "north": { "texture": "#2", "uv": [ 0.0, 0.0, 1.0, 1.0 ] },
                "east": { "texture": "#2", "uv": [ 0.0, 0.0, 3.0, 1.0 ] },
                "south": { "texture": "#2", "uv": [ 0.0, 0.0, 1.0, 1.0 ] },
                "west": { "texture": "#2", "uv": [ 0.0, 0.0, 3.0, 1.0 ] },
                "up": { "texture": "#2", "uv": [ 0.0, 0.0, 1.0, 3.0 ] },
                "down": { "texture": "#2", "uv": [ 0.0, 0.0, 1.0, 3.0 ] }
            }
        },
        {
            "name": "Cube",
            "from": [ 10.999999985098839, 9.0, 6.499999992549419 ], 
            "to": [ 11.999999985098839, 10.0, 9.49999999254942 ], 
            "faces": {
                "north": { "texture": "#2", "uv": [ 0.0, 0.0, 1.0, 1.0 ] },
                "east": { "texture": "#2", "uv": [ 0.0, 0.0, 3.0, 1.0 ] },
                "south": { "texture": "#2", "uv": [ 0.0, 0.0, 1.0, 1.0 ] },
                "west": { "texture": "#2", "uv": [ 0.0, 0.0, 3.0, 1.0 ] },
                "up": { "texture": "#2", "uv": [ 0.0, 0.0, 1.0, 3.0 ] },
                "down": { "texture": "#2", "uv": [ 0.0, 0.0, 1.0, 3.0 ] }
            }
        },
        {
            "name": "HeadBottom",
            "from": [ 6.200000017881393, 11.899999998509884, 5.500000007450581 ], 
            "to": [ 9.900000013411045, 12.0, 10.50000000745058 ], 
            "faces": {
                "north": { "texture": "#1", "uv": [ 0.0, 0.0, 5.0, 1.0 ] },
                "east": { "texture": "#1", "uv": [ 0.0, 0.0, 5.0, 1.0 ] },
                "south": { "texture": "#1", "uv": [ 0.0, 0.0, 5.0, 1.0 ] },
                "west": { "texture": "#1", "uv": [ 0.0, 0.0, 5.0, 1.0 ] },
                "up": { "texture": "#1", "uv": [ 0.0, 0.0, 5.0, 5.0 ] },
                "down": { "texture": "#1", "uv": [ 0.0, 0.0, 5.0, 5.0 ] }
            }
        },
        {
            "name": "MainHead",
            "from": [ 6.500000007450581, 12.0, 5.500000007450581 ], 
            "to": [ 9.500000022351742, 13.0, 10.500000022351742 ], 
            "faces": {
                "north": { "texture": "#1", "uv": [ 0.0, 0.0, 5.000000014901161, 2.0 ] },
                "east": { "texture": "#1", "uv": [ 0.0, 0.0, 5.000000014901161, 2.0 ] },
                "south": { "texture": "#1", "uv": [ 0.0, 0.0, 5.000000014901161, 2.0 ] },
                "west": { "texture": "#1", "uv": [ 0.0, 0.0, 5.000000014901161, 2.0 ] },
                "up": { "texture": "#1", "uv": [ 0.0, 0.0, 5.000000014901161, 5.000000014901161 ] },
                "down": { "texture": "#1", "uv": [ 0.0, 0.0, 5.000000014901161, 5.000000014901161 ] }
            }
        },
        {
            "name": "TopHeadWhite",
            "from": [ 6.600000008940697, 14.100000001490116, 6.600000008940697 ], 
            "to": [ 9.49999999254942, 14.199999988079071, 9.49999999254942 ], 
            "faces": {
                "north": { "texture": "#1", "uv": [ 0.0, 0.0, 3.0, 1.0 ] },
                "east": { "texture": "#1", "uv": [ 0.0, 0.0, 3.0, 1.0 ] },
                "south": { "texture": "#1", "uv": [ 0.0, 0.0, 3.0, 1.0 ] },
                "west": { "texture": "#1", "uv": [ 0.0, 0.0, 3.0, 1.0 ] },
                "up": { "texture": "#1", "uv": [ 0.0, 0.0, 3.0, 3.0 ] },
                "down": { "texture": "#1", "uv": [ 0.0, 0.0, 3.0, 3.0 ] }
            }
        },
        {
            "name": "EYE",
            "from": [ 7.400000020861626, 12.699999995529652, 9.700000010430813 ], 
            "to": [ 8.400000020861626, 13.699999995529652, 10.700000010430813 ], 
            "faces": {
                "north": { "texture": "#3", "uv": [ 0.0, 0.0, 1.0, 1.0 ] },
                "east": { "texture": "#3", "uv": [ 0.0, 0.0, 1.0, 1.0 ] },
                "south": { "texture": "#3", "uv": [ 0.0, 0.0, 1.0, 1.0 ] },
                "west": { "texture": "#3", "uv": [ 0.0, 0.0, 1.0, 1.0 ] },
                "up": { "texture": "#3", "uv": [ 0.0, 0.0, 1.0, 1.0 ] },
                "down": { "texture": "#3", "uv": [ 0.0, 0.0, 1.0, 1.0 ] }
            }
        },
        {
            "name": "Cube",
            "from": [ 9.600000008940697, 12.099999986588955, 8.300000004470348 ], 
            "to": [ 10.600000008940697, 12.399999976158142, 9.300000004470348 ], 
            "faces": {
                "north": { "texture": "#0", "uv": [ 0.0, 0.0, 1.0, 0.29999998956918716 ] },
                "east": { "texture": "#0", "uv": [ 0.0, 0.0, 1.0, 0.29999998956918716 ] },
                "south": { "texture": "#0", "uv": [ 0.0, 0.0, 1.0, 0.29999998956918716 ] },
                "west": { "texture": "#0", "uv": [ 0.0, 0.0, 1.0, 0.29999998956918716 ] },
                "up": { "texture": "#0", "uv": [ 0.0, 0.0, 1.0, 1.0 ] },
                "down": { "texture": "#0", "uv": [ 0.0, 0.0, 1.0, 1.0 ] }
            }
        },
        {
            "name": "Antenna",
            "from": [ 8.199999988079071, 13.49999999254942, 7.100000001490116 ], 
            "to": [ 8.299999974668026, 16.200000002980232, 7.200000002980232 ], 
            "faces": {
                "north": { "texture": "#3", "uv": [ 0.0, 0.0, 0.29999998956918716, 1.7000000104308128 ] },
                "east": { "texture": "#3", "uv": [ 0.0, 0.0, 0.30000000447034836, 1.7000000104308128 ] },
                "south": { "texture": "#3", "uv": [ 0.0, 0.0, 0.29999998956918716, 1.7000000104308128 ] },
                "west": { "texture": "#3", "uv": [ 0.0, 0.0, 0.30000000447034836, 1.7000000104308128 ] },
                "up": { "texture": "#3", "uv": [ 0.0, 0.0, 0.29999998956918716, 0.30000000447034836 ] },
                "down": { "texture": "#3", "uv": [ 0.0, 0.0, 0.29999998956918716, 0.30000000447034836 ] }
            }
        },
        {
            "name": "Cube",
            "from": [ 9.100000016391277, 12.599999994039536, 9.900000013411045 ], 
            "to": [ 9.400000005960464, 12.899999983608723, 10.900000013411045 ], 
            "faces": {
                "north": { "texture": "#4", "uv": [ 0.0, 0.0, 1.0, 0.29999998956918716 ] },
                "east": { "texture": "#4", "uv": [ 0.0, 0.0, 1.0, 0.29999998956918716 ] },
                "south": { "texture": "#4", "uv": [ 0.0, 0.0, 1.0, 0.29999998956918716 ] },
                "west": { "texture": "#4", "uv": [ 0.0, 0.0, 1.0, 0.29999998956918716 ] },
                "up": { "texture": "#4", "uv": [ 0.0, 0.0, 1.0, 1.0 ] },
                "down": { "texture": "#4", "uv": [ 0.0, 0.0, 1.0, 1.0 ] }
            }
        },
        {
            "name": "SmallAntenna",
            "from": [ 7.499999992549419, 13.49999999254942, 7.100000001490116 ], 
            "to": [ 7.599999979138374, 14.999999985098839, 7.200000002980232 ], 
            "faces": {
                "north": { "texture": "#1", "uv": [ 0.0, 0.0, 0.29999998956918716, 1.7000000104308128 ] },
                "east": { "texture": "#1", "uv": [ 0.0, 0.0, 0.30000000447034836, 1.7000000104308128 ] },
                "south": { "texture": "#1", "uv": [ 0.0, 0.0, 0.29999998956918716, 1.7000000104308128 ] },
                "west": { "texture": "#1", "uv": [ 0.0, 0.0, 0.30000000447034836, 1.7000000104308128 ] },
                "up": { "texture": "#1", "uv": [ 0.0, 0.0, 0.29999998956918716, 0.30000000447034836 ] },
                "down": { "texture": "#1", "uv": [ 0.0, 0.0, 0.29999998956918716, 0.30000000447034836 ] }
            }
        },
        {
            "name": "TopHeadOrange",
            "from": [ 6.400000020861626, 14.0, 6.400000020861626 ], 
            "to": [ 9.700000010430813, 14.099999986588955, 9.700000010430813 ], 
            "faces": {
                "north": { "texture": "#0", "uv": [ 0.0, 0.0, 5.000000014901161, 2.0 ] },
                "east": { "texture": "#0", "uv": [ 0.0, 0.0, 5.000000014901161, 2.0 ] },
                "south": { "texture": "#0", "uv": [ 0.0, 0.0, 5.000000014901161, 2.0 ] },
                "west": { "texture": "#0", "uv": [ 0.0, 0.0, 5.000000014901161, 2.0 ] },
                "up": { "texture": "#0", "uv": [ 0.0, 0.0, 5.000000014901161, 5.000000014901161 ] },
                "down": { "texture": "#0", "uv": [ 0.0, 0.0, 5.000000014901161, 5.000000014901161 ] }
            }
        },
        {
            "name": "MainHead2",
            "from": [ 5.500000007450581, 12.0, 6.500000007450581 ], 
            "to": [ 10.500000022351742, 13.0, 9.500000022351742 ], 
            "faces": {
                "north": { "texture": "#1", "uv": [ 0.0, 0.0, 5.000000014901161, 2.0 ] },
                "east": { "texture": "#1", "uv": [ 0.0, 0.0, 5.000000014901161, 2.0 ] },
                "south": { "texture": "#1", "uv": [ 0.0, 0.0, 5.000000014901161, 2.0 ] },
                "west": { "texture": "#1", "uv": [ 0.0, 0.0, 5.000000014901161, 2.0 ] },
                "up": { "texture": "#1", "uv": [ 0.0, 0.0, 5.000000014901161, 5.000000014901161 ] },
                "down": { "texture": "#1", "uv": [ 0.0, 0.0, 5.000000014901161, 5.000000014901161 ] }
            }
        },
        {
            "name": "MainHead3",
            "from": [ 6.000000014901161, 12.0, 5.899999998509884 ], 
            "to": [ 10.000000029802322, 13.0, 9.900000013411045 ], 
            "faces": {
                "north": { "texture": "#1", "uv": [ 0.0, 0.0, 5.000000014901161, 2.0 ] },
                "east": { "texture": "#1", "uv": [ 0.0, 0.0, 5.000000014901161, 2.0 ] },
                "south": { "texture": "#1", "uv": [ 0.0, 0.0, 5.000000014901161, 2.0 ] },
                "west": { "texture": "#1", "uv": [ 0.0, 0.0, 5.000000014901161, 2.0 ] },
                "up": { "texture": "#1", "uv": [ 0.0, 0.0, 5.000000014901161, 5.000000014901161 ] },
                "down": { "texture": "#1", "uv": [ 0.0, 0.0, 5.000000014901161, 5.000000014901161 ] }
            }
        },
        {
            "name": "Cube",
            "from": [ 5.4000000059604645, 12.099999986588955, 8.400000005960464 ], 
            "to": [ 6.4000000059604645, 12.399999976158142, 9.400000005960464 ], 
            "faces": {
                "north": { "texture": "#0", "uv": [ 0.0, 0.0, 1.0, 0.29999998956918716 ] },
                "east": { "texture": "#0", "uv": [ 0.0, 0.0, 1.0, 0.29999998956918716 ] },
                "south": { "texture": "#0", "uv": [ 0.0, 0.0, 1.0, 0.29999998956918716 ] },
                "west": { "texture": "#0", "uv": [ 0.0, 0.0, 1.0, 0.29999998956918716 ] },
                "up": { "texture": "#0", "uv": [ 0.0, 0.0, 1.0, 1.0 ] },
                "down": { "texture": "#0", "uv": [ 0.0, 0.0, 1.0, 1.0 ] }
            }
        },
        {
            "name": "Cube",
            "from": [ 5.4000000059604645, 12.099999986588955, 7.5999999940395355 ], 
            "to": [ 6.4000000059604645, 12.399999976158142, 8.199999988079071 ], 
            "faces": {
                "north": { "texture": "#0", "uv": [ 0.0, 0.0, 1.0, 0.29999998956918716 ] },
                "east": { "texture": "#0", "uv": [ 0.0, 0.0, 1.0, 0.29999998956918716 ] },
                "south": { "texture": "#0", "uv": [ 0.0, 0.0, 1.0, 0.29999998956918716 ] },
                "west": { "texture": "#0", "uv": [ 0.0, 0.0, 1.0, 0.29999998956918716 ] },
                "up": { "texture": "#0", "uv": [ 0.0, 0.0, 1.0, 1.0 ] },
                "down": { "texture": "#0", "uv": [ 0.0, 0.0, 1.0, 1.0 ] }
            }
        },
        {
            "name": "Cube",
            "from": [ 5.4000000059604645, 12.099999986588955, 7.299999989569187 ], 
            "to": [ 6.4000000059604645, 12.399999976158142, 7.499999977648258 ], 
            "faces": {
                "north": { "texture": "#0", "uv": [ 0.0, 0.0, 1.0, 0.29999998956918716 ] },
                "east": { "texture": "#0", "uv": [ 0.0, 0.0, 1.0, 0.29999998956918716 ] },
                "south": { "texture": "#0", "uv": [ 0.0, 0.0, 1.0, 0.29999998956918716 ] },
                "west": { "texture": "#0", "uv": [ 0.0, 0.0, 1.0, 0.29999998956918716 ] },
                "up": { "texture": "#0", "uv": [ 0.0, 0.0, 1.0, 1.0 ] },
                "down": { "texture": "#0", "uv": [ 0.0, 0.0, 1.0, 1.0 ] }
            }
        },
        {
            "name": "Cube",
            "from": [ 5.4000000059604645, 12.099999986588955, 6.6999999806284904 ], 
            "to": [ 6.4000000059604645, 12.399999976158142, 7.19999997317791 ], 
            "faces": {
                "north": { "texture": "#0", "uv": [ 0.0, 0.0, 1.0, 0.29999998956918716 ] },
                "east": { "texture": "#0", "uv": [ 0.0, 0.0, 1.0, 0.29999998956918716 ] },
                "south": { "texture": "#0", "uv": [ 0.0, 0.0, 1.0, 0.29999998956918716 ] },
                "west": { "texture": "#0", "uv": [ 0.0, 0.0, 1.0, 0.29999998956918716 ] },
                "up": { "texture": "#0", "uv": [ 0.0, 0.0, 1.0, 1.0 ] },
                "down": { "texture": "#0", "uv": [ 0.0, 0.0, 1.0, 1.0 ] }
            }
        },
        {
            "name": "Cube",
            "from": [ 6.700000010430813, 13.0, 5.800000011920929 ], 
            "to": [ 9.30000001937151, 14.0, 10.200000017881393 ], 
            "faces": {
                "north": { "texture": "#1", "uv": [ 0.0, 0.0, 5.000000014901161, 2.0 ] },
                "east": { "texture": "#1", "uv": [ 0.0, 0.0, 5.000000014901161, 2.0 ] },
                "south": { "texture": "#1", "uv": [ 0.0, 0.0, 5.000000014901161, 2.0 ] },
                "west": { "texture": "#1", "uv": [ 0.0, 0.0, 5.000000014901161, 2.0 ] },
                "up": { "texture": "#1", "uv": [ 0.0, 0.0, 5.000000014901161, 5.000000014901161 ] },
                "down": { "texture": "#1", "uv": [ 0.0, 0.0, 5.000000014901161, 5.000000014901161 ] }
            }
        },
        {
            "name": "Cube",
            "from": [ 5.700000010430813, 13.0, 6.700000010430813 ], 
            "to": [ 10.30000001937151, 14.0, 9.30000001937151 ], 
            "faces": {
                "north": { "texture": "#1", "uv": [ 0.0, 0.0, 5.000000014901161, 2.0 ] },
                "east": { "texture": "#1", "uv": [ 0.0, 0.0, 5.000000014901161, 2.0 ] },
                "south": { "texture": "#1", "uv": [ 0.0, 0.0, 5.000000014901161, 2.0 ] },
                "west": { "texture": "#1", "uv": [ 0.0, 0.0, 5.000000014901161, 2.0 ] },
                "up": { "texture": "#1", "uv": [ 0.0, 0.0, 5.000000014901161, 5.000000014901161 ] },
                "down": { "texture": "#1", "uv": [ 0.0, 0.0, 5.000000014901161, 5.000000014901161 ] }
            }
        },
        {
            "name": "Cube",
            "from": [ 6.200000017881393, 13.0, 6.200000002980232 ], 
            "to": [ 9.80000002682209, 14.0, 9.800000011920929 ], 
            "faces": {
                "north": { "texture": "#1", "uv": [ 0.0, 0.0, 5.000000014901161, 2.0 ] },
                "east": { "texture": "#1", "uv": [ 0.0, 0.0, 5.000000014901161, 2.0 ] },
                "south": { "texture": "#1", "uv": [ 0.0, 0.0, 5.000000014901161, 2.0 ] },
                "west": { "texture": "#1", "uv": [ 0.0, 0.0, 5.000000014901161, 2.0 ] },
                "up": { "texture": "#1", "uv": [ 0.0, 0.0, 5.000000014901161, 5.000000014901161 ] },
                "down": { "texture": "#1", "uv": [ 0.0, 0.0, 5.000000014901161, 5.000000014901161 ] }
            }
        },
        {
            "name": "Cube",
            "from": [ 9.600000008940697, 12.099999986588955, 6.6999999806284904 ], 
            "to": [ 10.600000008940697, 12.399999976158142, 7.6999999806284904 ], 
            "faces": {
                "north": { "texture": "#0", "uv": [ 0.0, 0.0, 1.0, 0.29999998956918716 ] },
                "east": { "texture": "#0", "uv": [ 0.0, 0.0, 1.0, 0.29999998956918716 ] },
                "south": { "texture": "#0", "uv": [ 0.0, 0.0, 1.0, 0.29999998956918716 ] },
                "west": { "texture": "#0", "uv": [ 0.0, 0.0, 1.0, 0.29999998956918716 ] },
                "up": { "texture": "#0", "uv": [ 0.0, 0.0, 1.0, 1.0 ] },
                "down": { "texture": "#0", "uv": [ 0.0, 0.0, 1.0, 1.0 ] }
            }
        },
        {
            "name": "Cube",
            "from": [ 9.600000008940697, 12.099999986588955, 7.799999997019768 ], 
            "to": [ 10.600000008940697, 12.399999976158142, 8.199999988079071 ], 
            "faces": {
                "north": { "texture": "#0", "uv": [ 0.0, 0.0, 1.0, 0.29999998956918716 ] },
                "east": { "texture": "#0", "uv": [ 0.0, 0.0, 1.0, 0.29999998956918716 ] },
                "south": { "texture": "#0", "uv": [ 0.0, 0.0, 1.0, 0.29999998956918716 ] },
                "west": { "texture": "#0", "uv": [ 0.0, 0.0, 1.0, 0.29999998956918716 ] },
                "up": { "texture": "#0", "uv": [ 0.0, 0.0, 1.0, 1.0 ] },
                "down": { "texture": "#0", "uv": [ 0.0, 0.0, 1.0, 1.0 ] }
            }
        },
        {
            "name": "Cube",
            "from": [ 9.100000001490116, 12.099999986588955, 5.999999970197678 ], 
            "to": [ 10.100000001490116, 12.399999976158142, 6.399999961256981 ], 
            "faces": {
                "north": { "texture": "#0", "uv": [ 0.0, 0.0, 1.0, 0.29999998956918716 ] },
                "east": { "texture": "#0", "uv": [ 0.0, 0.0, 1.0, 0.29999998956918716 ] },
                "south": { "texture": "#0", "uv": [ 0.0, 0.0, 1.0, 0.29999998956918716 ] },
                "west": { "texture": "#0", "uv": [ 0.0, 0.0, 1.0, 0.29999998956918716 ] },
                "up": { "texture": "#0", "uv": [ 0.0, 0.0, 1.0, 1.0 ] },
                "down": { "texture": "#0", "uv": [ 0.0, 0.0, 1.0, 1.0 ] }
            }
        },
        {
            "name": "Cube",
            "from": [ 5.800000011920929, 11.599999994039536, 5.800000011920929 ], 
            "to": [ 10.300000004470348, 11.899999998509884, 10.300000004470348 ], 
            "faces": {
                "north": { "texture": "#1", "uv": [ 0.0, 0.0, 5.0, 1.0 ] },
                "east": { "texture": "#1", "uv": [ 0.0, 0.0, 5.0, 1.0 ] },
                "south": { "texture": "#1", "uv": [ 0.0, 0.0, 5.0, 1.0 ] },
                "west": { "texture": "#1", "uv": [ 0.0, 0.0, 5.0, 1.0 ] },
                "up": { "texture": "#1", "uv": [ 0.0, 0.0, 5.0, 5.0 ] },
                "down": { "texture": "#1", "uv": [ 0.0, 0.0, 5.0, 5.0 ] }
            }
        },
        {
            "name": "Cube",
            "from": [ 6.000000014901161, 11.299999989569187, 6.000000014901161 ], 
            "to": [ 10.0, 11.599999994039536, 10.0 ], 
            "faces": {
                "north": { "texture": "#1", "uv": [ 0.0, 0.0, 5.0, 1.0 ] },
                "east": { "texture": "#1", "uv": [ 0.0, 0.0, 5.0, 1.0 ] },
                "south": { "texture": "#1", "uv": [ 0.0, 0.0, 5.0, 1.0 ] },
                "west": { "texture": "#1", "uv": [ 0.0, 0.0, 5.0, 1.0 ] },
                "up": { "texture": "#1", "uv": [ 0.0, 0.0, 5.0, 5.0 ] },
                "down": { "texture": "#1", "uv": [ 0.0, 0.0, 5.0, 5.0 ] }
            }
        },
        {
            "name": "Cube",
            "from": [ 6.200000017881393, 10.999999985098839, 6.200000017881393 ], 
            "to": [ 9.699999995529652, 11.299999989569187, 9.699999995529652 ], 
            "faces": {
                "north": { "texture": "#2", "uv": [ 0.0, 0.0, 5.0, 1.0 ] },
                "east": { "texture": "#2", "uv": [ 0.0, 0.0, 5.0, 1.0 ] },
                "south": { "texture": "#2", "uv": [ 0.0, 0.0, 5.0, 1.0 ] },
                "west": { "texture": "#2", "uv": [ 0.0, 0.0, 5.0, 1.0 ] },
                "up": { "texture": "#2", "uv": [ 0.0, 0.0, 5.0, 5.0 ] },
                "down": { "texture": "#2", "uv": [ 0.0, 0.0, 5.0, 5.0 ] }
            }
        },
        {
            "name": "TopHeadGrey",
            "from": [ 6.800000011920929, 14.200000002980232, 6.900000013411045 ], 
            "to": [ 9.199999988079071, 14.299999989569187, 9.299999989569187 ], 
            "faces": {
                "north": { "texture": "#2", "uv": [ 0.0, 0.0, 3.0, 1.0 ] },
                "east": { "texture": "#2", "uv": [ 0.0, 0.0, 3.0, 1.0 ] },
                "south": { "texture": "#2", "uv": [ 0.0, 0.0, 3.0, 1.0 ] },
                "west": { "texture": "#2", "uv": [ 0.0, 0.0, 3.0, 1.0 ] },
                "up": { "texture": "#2", "uv": [ 0.0, 0.0, 3.0, 3.0 ] },
                "down": { "texture": "#2", "uv": [ 0.0, 0.0, 3.0, 3.0 ] }
            }
        },
        {
            "name": "TopHeadWhite2",
            "from": [ 7.000000014901161, 14.300000004470348, 7.100000016391277 ], 
            "to": [ 8.999999985098839, 14.399999991059303, 9.099999986588955 ], 
            "faces": {
                "north": { "texture": "#1", "uv": [ 0.0, 0.0, 3.0, 1.0 ] },
                "east": { "texture": "#1", "uv": [ 0.0, 0.0, 3.0, 1.0 ] },
                "south": { "texture": "#1", "uv": [ 0.0, 0.0, 3.0, 1.0 ] },
                "west": { "texture": "#1", "uv": [ 0.0, 0.0, 3.0, 1.0 ] },
                "up": { "texture": "#1", "uv": [ 0.0, 0.0, 3.0, 3.0 ] },
                "down": { "texture": "#1", "uv": [ 0.0, 0.0, 3.0, 3.0 ] }
            }
        },
        {
            "name": "Cube",
            "from": [ 5.4000000059604645, 12.000000014901161, 6.400000020861626 ], 
            "to": [ 10.600000023841858, 12.100000001490116, 9.600000008940697 ], 
            "faces": {
                "north": { "texture": "#2", "uv": [ 0.0, 0.0, 5.000000014901161, 2.0 ] },
                "east": { "texture": "#2", "uv": [ 0.0, 0.0, 5.000000014901161, 2.0 ] },
                "south": { "texture": "#2", "uv": [ 0.0, 0.0, 5.000000014901161, 2.0 ] },
                "west": { "texture": "#2", "uv": [ 0.0, 0.0, 5.000000014901161, 2.0 ] },
                "up": { "texture": "#2", "uv": [ 0.0, 0.0, 5.000000014901161, 5.000000014901161 ] },
                "down": { "texture": "#2", "uv": [ 0.0, 0.0, 5.000000014901161, 5.000000014901161 ] }
            }
        },
        {
            "name": "Cube",
            "from": [ 6.4000000059604645, 12.000000014901161, 5.400000020861626 ], 
            "to": [ 9.600000023841858, 12.100000001490116, 10.600000008940697 ], 
            "faces": {
                "north": { "texture": "#2", "uv": [ 0.0, 0.0, 5.000000014901161, 2.0 ] },
                "east": { "texture": "#2", "uv": [ 0.0, 0.0, 5.000000014901161, 2.0 ] },
                "south": { "texture": "#2", "uv": [ 0.0, 0.0, 5.000000014901161, 2.0 ] },
                "west": { "texture": "#2", "uv": [ 0.0, 0.0, 5.000000014901161, 2.0 ] },
                "up": { "texture": "#2", "uv": [ 0.0, 0.0, 5.000000014901161, 5.000000014901161 ] },
                "down": { "texture": "#2", "uv": [ 0.0, 0.0, 5.000000014901161, 5.000000014901161 ] }
            }
        }
    ]
}