{
    "__comment": "Model generated using MrCrayfish's Model Creator (http://mrcrayfish.com/modelcreator/)",
"ambientocclusion": false,
    "textures": {
        "particle": "blocks/blocks/glass",
        "0": "blocks/beacon",
        "1": "blocks/obsidian"
    },
    "elements": [
        {
            "name": "Element",
            "from": [ 3.0, 3.0, 3.0 ], 
            "to": [ 13.0, 14.0, 13.0 ], 
            "faces": {
                "north": { "texture": "#0", "uv": [ 3.0, 2.0, 13.0, 13.0 ] },
                "east": { "texture": "#0", "uv": [ 3.0, 2.0, 13.0, 13.0 ] },
                "south": { "texture": "#0", "uv": [ 3.0, 2.0, 13.0, 13.0 ] },
                "west": { "texture": "#0", "uv": [ 3.0, 2.0, 13.0, 13.0 ] },
                "up": { "texture": "#0", "uv": [ 3.0, 3.0, 13.0, 13.0 ] },
                "down": { "texture": "#0", "uv": [ 3.0, 3.0, 13.0, 13.0 ] }
            }
        },
        {
            "name": "Cube",
            "from": [ 3.0, 14.0, 3.0 ], 
            "to": [ 13.0, 15.0, 13.0 ], 
            "faces": {
                "north": { "texture": "#1", "uv": [ 0.0, 0.0, 10.0, 1.0 ] },
                "east": { "texture": "#1", "uv": [ 0.0, 0.0, 10.0, 1.0 ] },
                "south": { "texture": "#1", "uv": [ 0.0, 0.0, 10.0, 1.0 ] },
                "west": { "texture": "#1", "uv": [ 0.0, 0.0, 10.0, 1.0 ] },
                "up": { "texture": "#1", "uv": [ 0.0, 0.0, 10.0, 10.0 ] },
                "down": { "texture": "#1", "uv": [ 0.0, 0.0, 10.0, 10.0 ] }
            }
        },
        {
            "name": "Cube",
            "from": [ 7.500000007450581, 15.0, 7.5999999940395355 ], 
            "to": [ 8.50000000745058, 17.0, 8.599999994039536 ], 
            "faces": {
                "north": { "texture": "#1", "uv": [ 0.0, 0.0, 1.0, 2.0 ] },
                "east": { "texture": "#1", "uv": [ 0.0, 0.0, 1.0, 2.0 ] },
                "south": { "texture": "#1", "uv": [ 0.0, 0.0, 1.0, 2.0 ] },
                "west": { "texture": "#1", "uv": [ 0.0, 0.0, 1.0, 2.0 ] },
                "up": { "texture": "#1", "uv": [ 0.0, 0.0, 1.0, 1.0 ] },
                "down": { "texture": "#1", "uv": [ 0.0, 0.0, 1.0, 1.0 ] }
            }
        }
    ]
}