{
    "__comment": "Model generated using MrCrayfish's Model Creator (http://mrcrayfish.com/modelcreator/)",
    "textures": {
        "particle": "blocks/glass",
        "0": "blocks/wool_colored_black"
    },
    "elements": [
        {
            "name": "Element",
            "from": [ 4.0, 0.0, 4.0 ], 
            "to": [ 12.0, 16.0, 12.0 ], 
            "faces": {
                "north": { "texture": "#0", "uv": [ 4.0, 0.0, 12.0, 16.0 ] },
                "east": { "texture": "#0", "uv": [ 4.0, 0.0, 12.0, 16.0 ] },
                "south": { "texture": "#0", "uv": [ 4.0, 0.0, 12.0, 16.0 ] },
                "west": { "texture": "#0", "uv": [ 4.0, 0.0, 12.0, 16.0 ] },
                "up": { "texture": "#0", "uv": [ 4.0, 4.0, 12.0, 12.0 ], "cullface": "up" },
                "down": { "texture": "#0", "uv": [ 4.0, 4.0, 12.0, 12.0 ], "cullface": "down" }
            }
        }
    ]
}